Timestamp,Electricity Usage (kW),Water Consumption (Liters),Traffic Density (Vehicles/Min),Waste Level (%),Zone,Event/Anomaly
2025-04-17 19:06:36.450031,261.51,12108.26,45,49.96,Zone A,None
2025-04-17 20:06:36.450031,271.98,12987.17,23,96.06,Zone A,
2025-04-17 21:06:36.450031,346.86,11934.98,87,78.56,Zone C,Festival
2025-04-17 22:06:36.450031,376.07,8878.13,44,67.89,Zone B,
2025-04-17 23:06:36.450031,236.28,8435.95,39,32.48,Zone B,
2025-04-18 00:06:36.450031,331.3,10005.52,26,32.48,Zone B,Maintenance
2025-04-18 01:06:36.450031,263.36,10852.24,76,24.65,Zone A,None
2025-04-18 02:06:36.450031,264.92,9633.62,89,89.29,Zone A,None
2025-04-18 03:06:36.450031,324.53,7309.03,39,68.09,Zone D,Power Outage
2025-04-18 04:06:36.450031,248.6,11364.12,54,76.65,Zone A,Festival
2025-04-18 05:06:36.450031,323.53,9215.37,88,21.65,Zone A,Festival
2025-04-18 06:06:36.450031,336.51,9154.97,98,97.59,Zone A,Maintenance
2025-04-18 07:06:36.450031,278.37,9890.77,60,86.6,Zone B,Festival
2025-04-18 08:06:36.450031,366.35,9520.2,56,36.99,Zone B,None
2025-04-18 09:06:36.450031,236.36,9267.0,62,34.55,Zone A,Maintenance
2025-04-18 10:06:36.450031,367.27,7439.75,73,34.67,Zone B,Festival
2025-04-18 11:06:36.450031,202.8,9775.51,47,44.34,Zone D,Maintenance
2025-04-18 12:06:36.450031,434.99,11405.91,73,61.98,Zone B,Festival
2025-04-18 13:06:36.450031,279.69,10529.29,96,54.56,Zone D,Festival
2025-04-18 14:06:36.450031,241.88,11896.24,98,43.3,Zone C,Power Outage
2025-04-18 15:06:36.450031,288.37,8542.91,16,68.95,Zone A,Festival
2025-04-18 16:06:36.450031,247.68,7443.88,31,31.16,Zone B,Maintenance
2025-04-18 17:06:36.450031,319.35,9508.3,90,43.37,Zone D,None
2025-04-18 18:06:36.450031,368.38,8771.53,91,49.31,Zone C,Power Outage
2025-04-18 19:06:36.450031,250.33,8979.33,50,56.49,Zone C,Festival
2025-04-18 20:06:36.450031,328.97,10423.5,83,82.81,Zone B,Festival
2025-04-18 21:06:36.450031,223.36,8993.84,19,35.97,Zone B,Maintenance
2025-04-18 22:06:36.450031,351.65,7499.86,66,61.14,Zone C,Power Outage
2025-04-18 23:06:36.450031,320.81,8882.01,16,67.39,Zone A,Festival
2025-04-19 00:06:36.450031,353.81,10680.12,59,23.72,Zone A,None
2025-04-19 01:06:36.450031,293.88,11342.96,61,68.6,Zone D,
2025-04-19 02:06:36.450031,278.24,11322.85,42,33.64,Zone A,None
2025-04-19 03:06:36.450031,340.81,10848.95,10,25.2,Zone C,Festival
2025-04-19 04:06:36.450031,234.6,9663.81,62,5.644410906788825,Zone C,None
2025-04-19 05:06:36.450031,212.86,10809.83,69,97.25,Zone C,Power Outage
2025-04-19 06:06:36.450031,299.75,9915.33,43,84.67,Zone A,Festival
2025-04-19 07:06:36.450031,280.52,10226.19,13,44.37,Zone D,Maintenance
2025-04-19 08:06:36.450031,327.69,8121.35,26,27.81,Zone A,Power Outage
2025-04-19 09:06:36.450031,354.58,10087.75,13,74.74,Zone D,None
2025-04-19 10:06:36.450031,326.65,10757.33,52,55.21,Zone A,Festival
2025-04-19 11:06:36.450031,350.6,10682.25,99,29.76,Zone C,Power Outage
2025-04-19 12:06:36.450031,316.05,7424.96,13,59.61,Zone C,None
2025-04-19 13:06:36.450031,324.73,10192.52,10,22.75,Zone B,Festival
2025-04-19 14:06:36.450031,294.17,7112.22,80,92.75,Zone A,
2025-04-19 15:06:36.450031,323.25,10347.35,59,40.7,Zone A,Heavy Rain
2025-04-19 16:06:36.450031,308.33,8597.33,82,73.0,Zone B,Maintenance
2025-04-19 17:06:36.450031,316.26,13411.29,70,44.94,Zone C,None
2025-04-19 18:06:36.450031,291.66,10238.49,44,61.61,Zone A,
2025-04-19 19:06:36.450031,340.45,11602.33,17,63.74,Zone B,None
2025-04-19 20:06:36.450031,264.48,14221.75,33,34.79,Zone A,Heavy Rain
2025-04-19 21:06:36.450031,299.08,8365.2,92,97.57,Zone D,Heavy Rain
2025-04-19 22:06:36.450031,365.59,10871.35,45,82.01,Zone C,Power Outage
2025-04-19 23:06:36.450031,252.56,7628.18,59,95.16,Zone D,Maintenance
2025-04-20 00:06:36.450031,191.91,10689.79,52,91.59,Zone C,Maintenance
2025-04-20 01:06:36.450031,318.32,13531.42,36,67.83,Zone B,None
2025-04-20 02:06:36.450031,287.15,8744.23,41,93.75,Zone C,Heavy Rain
2025-04-20 03:06:36.450031,350.54,8228.09,87,27.08,Zone C,Maintenance
2025-04-20 04:06:36.450031,293.47,9817.65,27,35.68,Zone B,Festival
2025-04-20 05:06:36.450031,269.78,14091.63,37,23.62,Zone C,Maintenance
2025-04-20 06:06:36.450031,296.21,11542.08,38,46.03,Zone A,None
2025-04-20 07:06:36.450031,354.65,8190.17,25,51.09,Zone B,
2025-04-20 08:06:36.450031,328.77,12910.12,56,41.71,Zone B,
2025-04-20 09:06:36.450031,178.3,6689.87,68,86.3,Zone B,Maintenance
2025-04-20 10:06:36.450031,309.29,14273.12,40,48.54,Zone D,Power Outage
2025-04-20 11:06:36.450031,311.79,11712.9,13,42.47,Zone D,Heavy Rain
2025-04-20 12:06:36.450031,299.09,13527.11,46,63.42,Zone C,
2025-04-20 13:06:36.450031,269.46,6704.4,26,31.27,Zone B,None
2025-04-20 14:06:36.450031,359.73,10338.88,48,84.18,Zone C,None
2025-04-20 15:06:36.450031,362.2,9732.22,57,25.96,Zone A,Heavy Rain
2025-04-20 16:06:36.450031,189.84,7986.04,55,98.95,Zone B,Heavy Rain
2025-04-20 17:06:36.450031,260.1,7407.95,99,81.78,Zone A,Heavy Rain
2025-04-20 18:06:36.450031,292.76,11014.16,57,35.9,Zone C,
2025-04-20 19:06:36.450031,347.43,11195.46,48,20.44,Zone D,None
2025-04-20 20:06:36.450031,301.74,12599.95,13,85.24,Zone C,Heavy Rain
2025-04-20 21:06:36.450031,265.82,8993.16,39,76.55,Zone A,
2025-04-20 22:06:36.450031,335.48,9716.78,39,78.32,Zone B,Heavy Rain
2025-04-20 23:06:36.450031,289.43,7235.08,31,81.7,Zone C,None
2025-04-21 00:06:36.450031,294.13,13081.57,84,25.92,Zone B,None
2025-04-21 01:06:36.450031,298.64,10139.1,75,48.68,Zone D,Power Outage
2025-04-21 02:06:36.450031,328.72,11445.18,21,29.27,Zone D,Maintenance
2025-04-21 03:06:36.450031,284.57,11515.81,45,89.05,Zone D,Festival
2025-04-21 04:06:36.450031,334.35,12918.21,27,69.86,Zone B,None
2025-04-21 05:06:36.450031,296.35,8337.2,99,46.47,Zone C,Festival
2025-04-21 06:06:36.450031,246.65,11395.17,62,25.08,Zone B,Power Outage
2025-04-21 07:06:36.450031,298.16,9949.98,80,44.88,Zone B,Maintenance
2025-04-21 08:06:36.450031,249.24,14211.35,10,46.01,Zone C,
2025-04-21 09:06:36.450031,302.05,8331.27,67,78.37,Zone D,Maintenance
2025-04-21 10:06:36.450031,341.47,12342.85,99,71.0,Zone D,Maintenance
2025-04-21 11:06:36.450031,246.32,10700.68,96,90.98,Zone C,
2025-04-21 12:06:36.450031,318.21,10595.71,99,57.78,Zone B,Power Outage
2025-04-21 13:06:36.450031,258.55,10108.04,15,29.57,Zone B,Heavy Rain
2025-04-21 14:06:36.450031,310.09,12693.33,79,77.06,Zone D,Maintenance
2025-04-21 15:06:36.450031,343.01,10527.7,53,80.86,Zone A,Maintenance
2025-04-21 16:06:36.450031,193.52,6951.17,81,64.9,Zone A,Power Outage
2025-04-21 17:06:36.450031,244.28,12439.01,33,81.68,Zone A,Heavy Rain
2025-04-21 18:06:36.450031,281.55,12072.4,95,59.5,Zone B,Maintenance
2025-04-21 19:06:36.450031,315.75,11174.28,28,61.82,Zone B,Maintenance
2025-04-21 20:06:36.450031,291.68,7743.05,27,54.2,Zone D,Heavy Rain
2025-04-21 21:06:36.450031,297.71,8053.77,39,22.03,Zone A,None
2025-04-21 22:06:36.450031,402.15,6245.11,51,28.63,Zone D,
2025-04-21 23:06:36.450031,239.38,10920.66,42,22.51,Zone D,None
2025-04-22 00:06:36.450031,356.77,7300.9,83,70.91,Zone D,
2025-04-22 01:06:36.450031,282.5,6562.5,21,45.15,Zone C,
2025-04-22 02:06:36.450031,327.47,12549.98,36,60.69,Zone A,Maintenance
2025-04-22 03:06:36.450031,406.45,11536.36,48,92.61,Zone A,
2025-04-22 04:06:36.450031,334.43,9333.66,18,39.94,Zone C,Festival
2025-04-22 05:06:36.450031,318.62,9731.91,30,52.83,Zone C,Heavy Rain
2025-04-22 06:06:36.450031,379.96,5185.31,85,80.44,Zone A,Heavy Rain
2025-04-22 07:06:36.450031,356.24,11833.49,38,38.3,Zone C,Festival
2025-04-22 08:06:36.450031,260.03,8614.54,42,26.16,Zone D,Heavy Rain
2025-04-22 09:06:36.450031,314.73,10660.58,71,43.18,Zone B,Power Outage
2025-04-22 10:06:36.450031,214.13,5022.88,24,32.9,Zone D,Heavy Rain
2025-04-22 11:06:36.450031,272.99,11955.14,11,94.38,Zone A,Heavy Rain
2025-04-22 12:06:36.450031,315.7,8494.31,61,84.65,Zone C,Heavy Rain
2025-04-22 13:06:36.450031,269.89,7247.92,53,70.67,Zone B,
2025-04-22 14:06:36.450031,313.67,9320.8,63,89.72,Zone A,None
2025-04-22 15:06:36.450031,299.33,8807.21,27,84.29,Zone C,Power Outage
2025-04-22 16:06:36.450031,326.82,12148.54,12,34.93,Zone B,Heavy Rain
2025-04-22 17:06:36.450031,278.79,9159.21,16,91.4,Zone B,Power Outage
2025-04-22 18:06:36.450031,252.99,12725.23,52,63.15,Zone C,
2025-04-22 19:06:36.450031,373.91,10660.29,91,84.6,Zone B,Power Outage
2025-04-22 20:06:36.450031,275.22,11788.74,47,91.69,Zone A,Power Outage
2025-04-22 21:06:36.450031,333.0,9995.67,46,45.44,Zone C,Festival
2025-04-22 22:06:36.450031,371.76,12544.12,67,28.8,Zone D,
2025-04-22 23:06:36.450031,308.13,7692.75,42,38.23,Zone A,Heavy Rain
2025-04-23 00:06:36.450031,257.18,10227.25,68,54.17,Zone A,None
2025-04-23 01:06:36.450031,291.07,9207.13,20,85.44,Zone C,None
2025-04-23 02:06:36.450031,350.88,12793.26,77,88.86,Zone C,None
2025-04-23 03:06:36.450031,310.31,12998.07,91,20.56,Zone B,None
2025-04-23 04:06:36.450031,239.74,10000.84,77,60.86,Zone A,Heavy Rain
2025-04-23 05:06:36.450031,329.83,7416.98,97,53.39,Zone B,None
2025-04-23 06:06:36.450031,338.48,10854.19,31,37.77,Zone A,
2025-04-23 07:06:36.450031,282.23,6670.78,75,29.59,Zone A,
2025-04-23 08:06:36.450031,330.51,13252.29,53,47.01,Zone D,Power Outage
2025-04-23 09:06:36.450031,312.25,9053.66,15,95.43,Zone A,Festival
2025-04-23 10:06:36.450031,290.13,9938.86,51,45.86,Zone B,Maintenance
2025-04-23 11:06:36.450031,235.32,8638.1,34,61.5,Zone B,None
2025-04-23 12:06:36.450031,353.9,8196.44,66,76.24,Zone D,Maintenance
2025-04-23 13:06:36.450031,337.96,11474.58,94,49.09,Zone B,Maintenance
2025-04-23 14:06:36.450031,329.19,9682.77,64,97.74,Zone C,Maintenance
2025-04-23 15:06:36.450031,377.23,10084.97,25,97.0,Zone D,Power Outage
2025-04-23 16:06:36.450031,347.26,7992.22,23,40.14,Zone B,
2025-04-23 17:06:36.450031,334.33,11712.12,48,59.78,Zone B,None
2025-04-23 18:06:36.450031,189.34,11915.58,37,44.07,Zone C,Heavy Rain
2025-04-23 19:06:36.450031,359.84,9582.14,60,42.79,Zone D,Power Outage
2025-04-23 20:06:36.450031,304.15,12535.84,58,22.95,Zone C,
2025-04-23 21:06:36.450031,315.62,9791.75,18,68.77,Zone D,Heavy Rain
2025-04-23 22:06:36.450031,315.97,11559.51,67,60.21,Zone D,
2025-04-23 23:06:36.450031,338.69,6754.14,54,24.12,Zone A,None
2025-04-24 00:06:36.450031,356.11,10706.86,31,42.29,Zone B,Power Outage
2025-04-24 01:06:36.450031,331.71,9457.04,41,92.66,Zone B,Maintenance
2025-04-24 02:06:36.450031,323.76,10311.04,78,39.16,Zone A,Power Outage
2025-04-24 03:06:36.450031,311.58,10221.36,96,31.59,Zone C,Power Outage
2025-04-24 04:06:36.450031,132.42,10251.4,78,59.16,Zone A,None
2025-04-24 05:06:36.450031,285.62,11231.4,51,98.85,Zone B,Maintenance
2025-04-24 06:06:36.450031,252.92,8869.65,62,39.36,Zone B,Maintenance
2025-04-24 07:06:36.450031,360.54,11138.16,68,73.77,Zone A,Festival
2025-04-24 08:06:36.450031,330.95,12465.05,83,80.93,Zone A,Festival
2025-04-24 09:06:36.450031,277.09,7179.72,48,39.01,Zone A,
2025-04-24 10:06:36.450031,282.11,8438.92,24,78.26,Zone B,Heavy Rain
2025-04-24 11:06:36.450031,280.3,8522.93,80,49.42,Zone A,Festival
2025-04-24 12:06:36.450031,279.41,7815.91,38,70.58,Zone A,None
2025-04-24 13:06:36.450031,227.77,9050.6,12,70.68,Zone C,Power Outage
2025-04-24 14:06:36.450031,216.94,12066.24,92,62.86,Zone A,Maintenance
2025-04-24 15:06:36.450031,301.45,12895.17,19,27.22,Zone B,Power Outage
2025-04-24 16:06:36.450031,353.77,10212.35,38,86.82,Zone C,None
2025-04-24 17:06:36.450031,273.12,9351.53,88,45.66,Zone D,Power Outage
2025-04-24 18:06:36.450031,315.17,11605.85,44,34.92,Zone B,Maintenance
2025-04-24 19:06:36.450031,336.71,5272.06,15,23.26,Zone B,Festival
2025-04-24 20:06:36.450031,250.33,7889.64,21,67.27,Zone D,Heavy Rain
2025-04-24 21:06:36.450031,299.0,5356.74,47,74.21,Zone B,Maintenance
2025-04-24 22:06:36.450031,266.67,7868.6,86,21.33,Zone D,Maintenance
2025-04-24 23:06:36.450031,380.31,8465.96,28,60.97,Zone D,Maintenance
2025-04-25 00:06:36.450031,378.12,12955.36,76,38.12,Zone B,
2025-04-25 01:06:36.450031,250.38,4477.88,17,71.61,Zone A,
2025-04-25 02:06:36.450031,319.29,9166.59,17,33.95,Zone A,Maintenance
2025-04-25 03:06:36.450031,353.38,11239.13,93,75.28,Zone D,None
2025-04-25 04:06:36.450031,342.42,10821.46,56,50.94,Zone C,Maintenance
2025-04-25 05:06:36.450031,304.08,12923.48,13,94.94,Zone D,
2025-04-25 06:06:36.450031,365.33,10322.1,60,4.846015870188647,Zone D,
2025-04-25 07:06:36.450031,254.77,10748.56,94,47.29,Zone D,Power Outage
2025-04-25 08:06:36.450031,284.85,6322.99,76,29.08,Zone A,None
2025-04-25 09:06:36.450031,256.12,8023.46,54,93.98,Zone A,Festival
2025-04-25 10:06:36.450031,339.12,6434.59,17,90.19,Zone A,Power Outage
2025-04-25 11:06:36.450031,270.87,11145.22,96,40.64,Zone D,
2025-04-25 12:06:36.450031,291.44,10697.38,25,72.8,Zone C,Power Outage
2025-04-25 13:06:36.450031,330.88,10627.08,86,85.38,Zone A,Power Outage
2025-04-25 14:06:36.450031,334.91,8237.13,76,64.42,Zone B,Power Outage
2025-04-25 15:06:36.450031,254.64,8054.1,18,62.37,Zone B,None
2025-04-25 16:06:36.450031,352.83,10418.89,69,39.35,Zone B,Festival
2025-04-25 17:06:36.450031,322.78,8661.23,87,27.45,Zone D,Festival
2025-04-25 18:06:36.450031,245.91,7959.19,86,91.78,Zone B,Maintenance
2025-04-25 19:06:36.450031,233.61,8983.22,80,92.03,Zone D,
2025-04-25 20:06:36.450031,299.21,8678.52,24,70.65,Zone B,Heavy Rain
2025-04-25 21:06:36.450031,342.5,8266.55,80,47.12,Zone C,None
2025-04-25 22:06:36.450031,343.79,7548.46,50,47.94,Zone D,Festival
2025-04-25 23:06:36.450031,317.81,10897.38,31,78.08,Zone B,
2025-04-26 00:06:36.450031,302.43,13112.1,33,91.77,Zone A,
2025-04-26 01:06:36.450031,325.59,9921.99,53,90.97,Zone D,None
2025-04-26 02:06:36.450031,257.23,10444.87,10,82.39,Zone A,None
2025-04-26 03:06:36.450031,384.35,11072.76,19,71.36,Zone A,
2025-04-26 04:06:36.450031,383.7,10733.13,89,26.73,Zone A,Maintenance
2025-04-26 05:06:36.450031,321.44,8306.18,81,32.93,Zone A,Festival
2025-04-26 06:06:36.450031,309.87,13439.69,65,91.88,Zone B,Heavy Rain
2025-04-26 07:06:36.450031,279.43,8485.38,98,68.51,Zone B,Heavy Rain
2025-04-26 08:06:36.450031,326.44,11296.18,59,20.74,Zone D,Heavy Rain
2025-04-26 09:06:36.450031,265.43,11060.38,21,28.12,Zone D,Power Outage
2025-04-26 10:06:36.450031,188.82,6083.12,98,73.08,Zone D,Festival
2025-04-26 11:06:36.450031,164.29,9282.31,90,20.4,Zone B,Power Outage
2025-04-26 12:06:36.450031,260.03,10113.26,69,32.86,Zone D,Power Outage
2025-04-26 13:06:36.450031,307.82,10266.3,35,63.9,Zone A,
2025-04-26 14:06:36.450031,316.6,10602.84,87,75.35,Zone B,Power Outage
2025-04-26 15:06:36.450031,275.66,11515.33,50,72.16,Zone D,Maintenance
2025-04-26 16:06:36.450031,307.09,9984.97,45,37.94,Zone A,Maintenance
2025-04-26 17:06:36.450031,286.29,10709.24,32,76.97,Zone D,None
2025-04-26 18:06:36.450031,250.03,9910.09,52,38.98,Zone C,None
2025-04-26 19:06:36.450031,297.31,7965.33,15,46.03,Zone D,Festival
2025-04-26 20:06:36.450031,340.65,10064.8,78,79.72,Zone C,Festival
2025-04-26 21:06:36.450031,252.3,11498.18,52,71.97,Zone D,Maintenance
2025-04-26 22:06:36.450031,252.32,12217.58,34,87.94,Zone D,None
2025-04-26 23:06:36.450031,246.54,11074.63,27,72.61,Zone B,
2025-04-27 00:06:36.450031,203.17,12668.7,71,65.46,Zone B,None
2025-04-27 01:06:36.450031,275.99,10837.73,22,27.49,Zone C,Power Outage
2025-04-27 02:06:36.450031,335.7,11727.76,52,49.42,Zone B,Heavy Rain
2025-04-27 03:06:36.450031,308.7,11874.78,87,41.22,Zone A,
2025-04-27 04:06:36.450031,291.54,9553.3,37,39.52,Zone A,Heavy Rain
2025-04-27 05:06:36.450031,306.45,11452.01,27,97.84,Zone C,Heavy Rain
2025-04-27 06:06:36.450031,275.55,8118.71,68,51.45,Zone A,Maintenance
2025-04-27 07:06:36.450031,202.61,10699.62,69,91.36,Zone A,Heavy Rain
2025-04-27 08:06:36.450031,339.19,11154.05,72,70.49,Zone D,Heavy Rain
2025-04-27 09:06:36.450031,353.56,12102.19,66,83.58,Zone B,Power Outage
2025-04-27 10:06:36.450031,263.59,11641.52,60,60.21,Zone A,Festival
2025-04-27 11:06:36.450031,292.46,12128.23,65,66.15,Zone A,Maintenance
2025-04-27 12:06:36.450031,288.15,9801.24,36,59.4,Zone B,None
2025-04-27 13:06:36.450031,317.56,9309.21,41,35.62,Zone A,Power Outage
2025-04-27 14:06:36.450031,384.49,9450.2,18,77.8,Zone A,Heavy Rain
2025-04-27 15:06:36.450031,357.99,10532.57,93,42.46,Zone B,None
2025-04-27 16:06:36.450031,281.15,6382.51,77,21.95,Zone D,Power Outage
2025-04-27 17:06:36.450031,327.12,12663.51,55,71.64,Zone A,
2025-04-27 18:06:36.450031,362.72,10087.75,76,34.17,Zone B,
2025-04-27 19:06:36.450031,320.42,9170.0,35,95.24,Zone A,Maintenance
2025-04-27 20:06:36.450031,299.77,4940.57,17,96.31,Zone A,Heavy Rain
2025-04-27 21:06:36.450031,322.3,9926.37,15,93.19,Zone D,Maintenance
2025-04-27 22:06:36.450031,264.84,9603.05,89,49.61,Zone C,
2025-04-27 23:06:36.450031,272.14,8205.91,33,21.24,Zone C,Power Outage
2025-04-28 00:06:36.450031,246.8,8653.91,57,94.27,Zone B,None
2025-04-28 01:06:36.450031,315.35,9946.73,54,54.25,Zone C,Festival
2025-04-28 02:06:36.450031,293.43,8823.53,22,97.33,Zone B,Heavy Rain
2025-04-28 03:06:36.450031,258.84,11143.76,78,97.09,Zone C,Maintenance
2025-04-28 04:06:36.450031,291.79,8502.43,34,88.24,Zone D,None
2025-04-28 05:06:36.450031,323.5,10309.22,29,43.56,Zone B,None
2025-04-28 06:06:36.450031,395.74,12360.09,91,50.81,Zone C,Festival
2025-04-28 07:06:36.450031,350.6,9926.81,91,88.09,Zone D,Power Outage
2025-04-28 08:06:36.450031,185.79,10711.95,75,45.35,Zone C,Festival
2025-04-28 09:06:36.450031,311.97,10585.3,83,33.56,Zone A,Festival
2025-04-28 10:06:36.450031,371.47,10015.99,54,64.54,Zone A,Power Outage
2025-04-28 11:06:36.450031,233.11,9865.99,56,94.89,Zone D,Power Outage
2025-04-28 12:06:36.450031,327.58,8857.25,72,75.68,Zone A,Power Outage
2025-04-28 13:06:36.450031,288.17,10302.02,85,65.6,Zone A,None
2025-04-28 14:06:36.450031,357.51,9433.46,86,27.77,Zone B,None
2025-04-28 15:06:36.450031,320.21,13092.18,64,69.2,Zone C,Heavy Rain
2025-04-28 16:06:36.450031,255.8,11622.29,84,99.2,Zone B,
2025-04-28 17:06:36.450031,289.96,7094.41,28,31.21,Zone C,Heavy Rain
2025-04-28 18:06:36.450031,292.92,7205.68,44,61.47,Zone A,Festival
2025-04-28 19:06:36.450031,293.84,9739.08,62,90.19,Zone B,Festival
2025-04-28 20:06:36.450031,355.96,9209.39,35,79.26,Zone C,Heavy Rain
2025-04-28 21:06:36.450031,257.87,9633.61,23,75.76,Zone C,Maintenance
2025-04-28 22:06:36.450031,350.15,11302.32,54,76.2,Zone B,
2025-04-28 23:06:36.450031,284.89,10631.47,53,48.76,Zone D,Festival
2025-04-29 00:06:36.450031,311.18,10611.26,97,43.49,Zone C,Maintenance
2025-04-29 01:06:36.450031,303.62,12892.39,74,84.75,Zone A,Maintenance
2025-04-29 02:06:36.450031,298.91,7222.22,60,84.81,Zone C,
2025-04-29 03:06:36.450031,299.32,10207.88,52,89.37,Zone A,Power Outage
2025-04-29 04:06:36.450031,372.87,8841.89,95,93.06,Zone B,None
2025-04-29 05:06:36.450031,342.12,12870.87,32,60.91,Zone C,Heavy Rain
2025-04-29 06:06:36.450031,281.86,5581.3,65,60.12,Zone A,
2025-04-29 07:06:36.450031,379.14,5669.04,28,83.86,Zone A,None
2025-04-29 08:06:36.450031,313.73,10609.27,91,72.0,Zone B,Heavy Rain
2025-04-29 09:06:36.450031,317.88,12252.59,85,76.16,Zone C,None
2025-04-29 10:06:36.450031,258.13,11546.51,64,83.66,Zone C,Heavy Rain
2025-04-29 11:06:36.450031,275.13,8398.04,69,91.2,Zone B,None
2025-04-29 12:06:36.450031,265.57,13012.84,68,47.04,Zone C,Power Outage
2025-04-29 13:06:36.450031,304.3,7537.06,42,50.05,Zone B,Maintenance
2025-04-29 14:06:36.450031,331.94,12614.97,28,27.52,Zone C,Heavy Rain
2025-04-29 15:06:36.450031,318.36,7801.54,37,66.26,Zone D,Maintenance
2025-04-29 16:06:36.450031,379.4,9296.35,61,22.88,Zone C,Heavy Rain
2025-04-29 17:06:36.450031,255.61,11278.54,58,57.25,Zone A,
2025-04-29 18:06:36.450031,305.74,7067.58,46,63.41,Zone A,
2025-04-29 19:06:36.450031,235.85,12938.05,35,42.92,Zone D,Heavy Rain
2025-04-29 20:06:36.450031,253.91,9284.11,49,67.27,Zone C,Power Outage
2025-04-29 21:06:36.450031,363.23,10274.55,89,22.44,Zone A,None
2025-04-29 22:06:36.450031,276.84,12324.4,47,22.99,Zone A,Heavy Rain
2025-04-29 23:06:36.450031,259.83,8413.75,86,85.81,Zone C,None
2025-04-30 00:06:36.450031,193.5,12121.63,96,48.82,Zone B,Power Outage
2025-04-30 01:06:36.450031,259.33,13281.07,63,30.16,Zone C,Festival
2025-04-30 02:06:36.450031,289.74,8688.84,31,61.78,Zone B,Maintenance
2025-04-30 03:06:36.450031,232.13,12738.78,25,81.6,Zone D,Heavy Rain
2025-04-30 04:06:36.450031,286.86,6478.84,37,37.27,Zone D,
2025-04-30 05:06:36.450031,363.53,10779.2,44,69.83,Zone A,Power Outage
2025-04-30 06:06:36.450031,264.63,7542.8,69,26.83,Zone A,None
2025-04-30 07:06:36.450031,252.83,11885.14,54,24.13,Zone A,Heavy Rain
2025-04-30 08:06:36.450031,243.8,11720.91,55,62.51,Zone B,None
2025-04-30 09:06:36.450031,242.91,14154.76,81,63.25,Zone A,Festival
2025-04-30 10:06:36.450031,326.78,12842.57,64,70.99,Zone C,Heavy Rain
2025-04-30 11:06:36.450031,302.43,9668.46,95,78.09,Zone B,Maintenance
2025-04-30 12:06:36.450031,347.84,7836.51,94,98.07,Zone D,Heavy Rain
2025-04-30 13:06:36.450031,400.99,11131.37,35,61.3,Zone B,Maintenance
2025-04-30 14:06:36.450031,208.48,9878.54,94,45.84,Zone A,None
2025-04-30 15:06:36.450031,319.0,13102.31,34,83.61,Zone C,Heavy Rain
2025-04-30 16:06:36.450031,244.07,5667.24,74,41.67,Zone C,Power Outage
2025-04-30 17:06:36.450031,339.44,14376.11,15,55.12,Zone A,
2025-04-30 18:06:36.450031,286.4,11063.98,32,26.28,Zone C,Power Outage
2025-04-30 19:06:36.450031,301.37,8373.98,73,22.03,Zone B,Festival
2025-04-30 20:06:36.450031,235.84,11467.98,96,97.01,Zone B,Power Outage
2025-04-30 21:06:36.450031,278.68,12594.84,52,86.88,Zone A,Festival
2025-04-30 22:06:36.450031,304.48,10228.69,32,75.68,Zone C,None
2025-04-30 23:06:36.450031,367.8,6470.16,39,52.72,Zone D,Maintenance
2025-05-01 00:06:36.450031,260.27,9412.31,86,33.86,Zone B,
2025-05-01 01:06:36.450031,272.47,12078.79,27,32.51,Zone B,None
2025-05-01 02:06:36.450031,347.21,10993.33,96,40.02,Zone B,Maintenance
2025-05-01 03:06:36.450031,257.03,9686.99,88,63.94,Zone B,Maintenance
2025-05-01 04:06:36.450031,357.12,12616.63,30,77.17,Zone D,Festival
2025-05-01 05:06:36.450031,299.55,11478.61,66,72.82,Zone A,Power Outage
2025-05-01 06:06:36.450031,315.16,11632.68,32,42.39,Zone B,Power Outage
2025-05-01 07:06:36.450031,318.38,9178.73,54,96.39,Zone C,
2025-05-01 08:06:36.450031,269.19,8985.23,53,79.03,Zone D,
2025-05-01 09:06:36.450031,319.49,6600.08,91,64.35,Zone B,Festival
2025-05-01 10:06:36.450031,261.38,9481.22,97,68.94,Zone C,Festival
2025-05-01 11:06:36.450031,274.89,11870.78,56,53.57,Zone B,None
2025-05-01 12:06:36.450031,327.93,9591.81,49,39.82,Zone A,Festival
2025-05-01 13:06:36.450031,314.67,10891.08,60,48.48,Zone D,Power Outage
2025-05-01 14:06:36.450031,296.25,12222.4,51,80.63,Zone A,Festival
2025-05-01 15:06:36.450031,237.06,10745.67,16,21.15,Zone D,Festival
2025-05-01 16:06:36.450031,249.54,10941.03,59,29.29,Zone B,Maintenance
2025-05-01 17:06:36.450031,313.84,7284.36,57,23.68,Zone B,Festival
2025-05-01 18:06:36.450031,336.61,9354.87,93,23.26,Zone D,
2025-05-01 19:06:36.450031,244.52,13453.25,15,88.44,Zone C,None
2025-05-01 20:06:36.450031,258.01,10207.59,18,76.29,Zone C,Festival
2025-05-01 21:06:36.450031,306.71,13793.48,66,57.93,Zone B,
2025-05-01 22:06:36.450031,305.64,8553.77,40,27.83,Zone B,Heavy Rain
2025-05-01 23:06:36.450031,218.8,10467.89,30,59.33,Zone A,Heavy Rain
2025-05-02 00:06:36.450031,308.08,9234.64,99,57.88,Zone B,Maintenance
2025-05-02 01:06:36.450031,270.08,11183.97,49,33.86,Zone D,Maintenance
2025-05-02 02:06:36.450031,382.05,11790.02,54,54.71,Zone C,Heavy Rain
2025-05-02 03:06:36.450031,312.46,11204.93,86,51.88,Zone C,
2025-05-02 04:06:36.450031,321.07,12083.7,58,69.27,Zone A,Maintenance
2025-05-02 05:06:36.450031,322.37,9973.65,96,70.81,Zone C,
2025-05-02 06:06:36.450031,239.3,9618.94,29,23.62,Zone C,
2025-05-02 07:06:36.450031,397.19,6483.61,26,49.97,Zone D,Maintenance
2025-05-02 08:06:36.450031,218.85,11276.9,37,70.07,Zone C,Power Outage
2025-05-02 09:06:36.450031,339.79,10344.37,50,60.25,Zone A,
2025-05-02 10:06:36.450031,330.93,9864.17,75,88.52,Zone A,Power Outage
2025-05-02 11:06:36.450031,276.15,9618.37,34,72.7,Zone C,Festival
2025-05-02 12:06:36.450031,333.32,9926.24,67,33.03,Zone B,Heavy Rain
2025-05-02 13:06:36.450031,284.12,9527.53,50,25.65,Zone C,None
2025-05-02 14:06:36.450031,266.23,8943.93,15,71.39,Zone A,Heavy Rain
2025-05-02 15:06:36.450031,323.48,10479.18,84,22.12,Zone A,Heavy Rain
2025-05-02 16:06:36.450031,249.67,10968.32,47,66.86,Zone D,
2025-05-02 17:06:36.450031,288.79,8458.86,15,95.22,Zone C,Power Outage
2025-05-02 18:06:36.450031,270.29,9198.53,54,66.04,Zone C,Power Outage
2025-05-02 19:06:36.450031,283.2,9590.76,84,51.05,Zone D,Maintenance
2025-05-02 20:06:36.450031,321.64,10009.63,23,71.46,Zone A,None
2025-05-02 21:06:36.450031,270.28,9743.63,75,56.66,Zone D,Power Outage
2025-05-02 22:06:36.450031,290.38,11319.44,49,63.65,Zone B,Maintenance
2025-05-02 23:06:36.450031,274.84,6695.27,12,95.32,Zone C,None
2025-05-03 00:06:36.450031,372.2,7049.93,33,50.89,Zone A,Power Outage
2025-05-03 01:06:36.450031,317.13,10387.14,28,96.9,Zone D,Heavy Rain
2025-05-03 02:06:36.450031,311.0,8794.63,27,92.43,Zone A,Heavy Rain
2025-05-03 03:06:36.450031,334.17,11768.48,73,35.66,Zone B,None
2025-05-03 04:06:36.450031,270.29,12339.6,97,25.55,Zone C,None
2025-05-03 05:06:36.450031,342.96,10467.49,44,28.06,Zone D,Power Outage
2025-05-03 06:06:36.450031,317.31,7856.05,71,21.46,Zone A,Power Outage
2025-05-03 07:06:36.450031,221.96,12109.19,10,27.56,Zone C,None
2025-05-03 08:06:36.450031,228.6,10397.81,34,74.64,Zone C,
2025-05-03 09:06:36.450031,271.39,7026.13,54,25.7,Zone A,None
2025-05-03 10:06:36.450031,233.95,7202.96,58,45.52,Zone C,Maintenance
2025-05-03 11:06:36.450031,288.09,13033.89,98,87.59,Zone C,Maintenance
2025-05-03 12:06:36.450031,249.31,12702.27,25,21.86,Zone D,Maintenance
2025-05-03 13:06:36.450031,295.11,4965.71,28,85.16,Zone C,Heavy Rain
2025-05-03 14:06:36.450031,370.59,7284.42,32,42.55,Zone D,Heavy Rain
2025-05-03 15:06:36.450031,297.53,12281.71,92,29.45,Zone C,Maintenance
2025-05-03 16:06:36.450031,284.85,9963.01,34,75.74,Zone B,Maintenance
2025-05-03 17:06:36.450031,319.41,11403.7,25,70.32,Zone B,
2025-05-03 18:06:36.450031,265.18,9876.09,63,90.2,Zone D,None
2025-05-03 19:06:36.450031,342.17,11308.98,82,78.81,Zone D,Heavy Rain
2025-05-03 20:06:36.450031,324.76,10011.67,10,84.28,Zone B,Maintenance
2025-05-03 21:06:36.450031,301.94,9124.78,51,42.56,Zone C,
2025-05-03 22:06:36.450031,307.72,12117.49,28,34.2,Zone D,Festival
2025-05-03 23:06:36.450031,402.09,10404.11,43,80.05,Zone A,Power Outage
2025-05-04 00:06:36.450031,347.12,11304.78,89,84.55,Zone C,Maintenance
2025-05-04 01:06:36.450031,409.98,10314.9,64,99.24,Zone C,Heavy Rain
2025-05-04 02:06:36.450031,326.6,9027.29,27,53.01,Zone B,Maintenance
2025-05-04 03:06:36.450031,226.42,13216.78,43,49.76,Zone D,Festival
2025-05-04 04:06:36.450031,286.89,10709.94,98,82.11,Zone C,None
2025-05-04 05:06:36.450031,214.99,9289.9,54,47.26,Zone D,Heavy Rain
2025-05-04 06:06:36.450031,326.42,12556.66,15,94.46,Zone D,None
2025-05-04 07:06:36.450031,337.27,7358.35,30,88.67,Zone D,Power Outage
2025-05-04 08:06:36.450031,255.7,14472.57,79,54.32,Zone B,
2025-05-04 09:06:36.450031,267.22,9641.7,57,80.07,Zone D,None
2025-05-04 10:06:36.450031,307.44,7463.97,48,80.36,Zone B,Maintenance
2025-05-04 11:06:36.450031,240.09,13811.88,40,28.25,Zone A,
2025-05-04 12:06:36.450031,236.34,9073.66,19,92.2,Zone C,Festival
2025-05-04 13:06:36.450031,361.93,10486.49,39,60.42,Zone C,None
2025-05-04 14:06:36.450031,305.74,11435.38,27,86.12,Zone A,Festival
2025-05-04 15:06:36.450031,272.09,12368.35,69,45.6,Zone B,
2025-05-04 16:06:36.450031,215.39,10599.55,97,91.64,Zone C,Heavy Rain
2025-05-04 17:06:36.450031,342.62,8705.37,82,51.14,Zone B,Heavy Rain
2025-05-04 18:06:36.450031,265.77,10437.99,24,20.87,Zone B,Maintenance
2025-05-04 19:06:36.450031,393.03,9161.37,13,92.43,Zone B,Maintenance
2025-05-04 20:06:36.450031,342.97,10498.02,72,27.3,Zone A,Maintenance
2025-05-04 21:06:36.450031,259.59,13256.3,49,45.55,Zone A,Festival
2025-05-04 22:06:36.450031,264.23,11511.85,18,96.0,Zone B,Power Outage
2025-05-04 23:06:36.450031,386.09,10413.29,18,96.05,Zone D,Power Outage
2025-05-05 00:06:36.450031,295.79,11476.98,35,65.88,Zone A,Power Outage
2025-05-05 01:06:36.450031,274.33,11620.16,13,70.55,Zone D,Heavy Rain
2025-05-05 02:06:36.450031,301.39,7844.25,90,55.88,Zone D,Heavy Rain
2025-05-05 03:06:36.450031,274.1,10083.45,25,43.46,Zone B,Power Outage
2025-05-05 04:06:36.450031,312.05,15125.06,24,46.29,Zone D,
2025-05-05 05:06:36.450031,296.21,12425.64,61,73.8,Zone D,Maintenance
2025-05-05 06:06:36.450031,343.78,8993.13,78,80.19,Zone D,None
2025-05-05 07:06:36.450031,280.57,8793.58,14,83.33,Zone B,
2025-05-05 08:06:36.450031,255.76,8726.95,29,83.17,Zone B,
2025-05-05 09:06:36.450031,282.55,11732.64,88,27.3,Zone A,Power Outage
2025-05-05 10:06:36.450031,282.25,13215.28,27,59.55,Zone A,None
2025-05-05 11:06:36.450031,296.12,11164.33,11,24.6,Zone D,Power Outage
2025-05-05 12:06:36.450031,331.73,10314.32,22,63.96,Zone B,None
2025-05-05 13:06:36.450031,329.0,9111.69,13,55.32,Zone B,Maintenance
2025-05-05 14:06:36.450031,359.98,10658.75,51,91.02,Zone D,
2025-05-05 15:06:36.450031,259.43,8359.76,83,48.07,Zone A,Heavy Rain
2025-05-05 16:06:36.450031,319.44,6128.47,70,29.37,Zone B,Power Outage
2025-05-05 17:06:36.450031,336.37,13273.65,17,31.44,Zone A,Power Outage
2025-05-05 18:06:36.450031,266.29,7988.37,76,80.92,Zone D,
2025-05-05 19:06:36.450031,289.62,9350.34,72,69.46,Zone B,
2025-05-05 20:06:36.450031,212.5,11312.71,18,28.09,Zone D,Maintenance
2025-05-05 21:06:36.450031,345.34,12868.93,20,26.73,Zone C,Festival
2025-05-05 22:06:36.450031,289.23,10514.26,51,76.08,Zone D,Power Outage
2025-05-05 23:06:36.450031,340.33,7612.58,22,25.82,Zone D,None
2025-05-06 00:06:36.450031,310.3,9397.31,45,85.75,Zone D,Maintenance
2025-05-06 01:06:36.450031,290.74,8643.03,22,76.5,Zone B,
2025-05-06 02:06:36.450031,220.36,9923.58,21,26.51,Zone D,Festival
2025-05-06 03:06:36.450031,229.25,12463.97,46,26.79,Zone D,Power Outage
2025-05-06 04:06:36.450031,170.34,4925.22,83,98.93,Zone C,Power Outage
2025-05-06 05:06:36.450031,271.87,9177.22,82,49.94,Zone B,
2025-05-06 06:06:36.450031,413.91,9031.9,61,49.65,Zone C,
2025-05-06 07:06:36.450031,235.6,7486.48,80,85.02,Zone D,
2025-05-06 08:06:36.450031,168.43,11170.98,11,95.78,Zone B,Heavy Rain
2025-05-06 09:06:36.450031,348.13,7170.05,65,98.88,Zone C,Festival
2025-05-06 10:06:36.450031,418.19,7400.21,69,80.27,Zone D,Maintenance
2025-05-06 11:06:36.450031,314.9,11702.14,32,50.1,Zone A,
2025-05-06 12:06:36.450031,314.44,13001.14,49,26.68,Zone C,None
2025-05-06 13:06:36.450031,284.51,9847.81,73,82.17,Zone B,Power Outage
2025-05-06 14:06:36.450031,210.29,7565.21,94,64.67,Zone C,Maintenance
2025-05-06 15:06:36.450031,227.46,8588.89,32,53.94,Zone C,Heavy Rain
2025-05-06 16:06:36.450031,284.16,12016.0,38,92.51,Zone C,
2025-05-06 17:06:36.450031,274.58,10232.88,87,28.9,Zone A,Power Outage
2025-05-06 18:06:36.450031,294.24,9797.92,99,59.41,Zone B,Festival
2025-05-06 19:06:36.450031,341.47,10626.1,60,20.91,Zone B,
2025-05-06 20:06:36.450031,270.91,9924.68,78,57.49,Zone B,
2025-05-06 21:06:36.450031,342.49,13091.42,98,24.5,Zone D,
2025-05-06 22:06:36.450031,271.24,8501.71,40,29.51,Zone B,
2025-05-06 23:06:36.450031,351.91,8272.08,59,29.4,Zone B,Maintenance
2025-05-07 00:06:36.450031,304.32,7233.09,29,71.94,Zone A,None
2025-05-07 01:06:36.450031,278.21,8920.02,64,79.68,Zone D,
2025-05-07 02:06:36.450031,303.46,7816.05,90,66.67,Zone D,
2025-05-07 03:06:36.450031,285.32,10436.15,11,96.97,Zone C,Heavy Rain
2025-05-07 04:06:36.450031,305.66,10041.89,34,49.99,Zone D,Maintenance
2025-05-07 05:06:36.450031,337.91,7841.85,22,42.86,Zone D,Power Outage
2025-05-07 06:06:36.450031,295.64,11178.28,79,89.49,Zone A,None
2025-05-07 07:06:36.450031,281.52,13033.63,76,37.89,Zone B,Power Outage
2025-05-07 08:06:36.450031,243.82,10715.68,67,97.06,Zone D,Power Outage
2025-05-07 09:06:36.450031,328.96,4913.0,91,20.97,Zone D,Festival
2025-05-07 10:06:36.450031,317.41,13974.26,84,97.59,Zone A,Festival
2025-05-07 11:06:36.450031,240.9,11493.85,93,23.45,Zone D,Power Outage
2025-05-07 12:06:36.450031,341.77,13912.84,73,91.29,Zone D,Heavy Rain
2025-05-07 13:06:36.450031,240.09,12181.45,78,62.22,Zone A,Festival
2025-05-07 14:06:36.450031,351.46,12581.03,92,99.44,Zone C,Festival
2025-05-07 15:06:36.450031,334.39,10410.53,95,25.9,Zone C,Festival
2025-05-07 16:06:36.450031,320.98,9475.41,68,64.31,Zone D,Festival
2025-05-07 17:06:36.450031,281.15,10746.96,69,97.54,Zone D,None
2025-05-07 18:06:36.450031,328.79,8582.43,92,61.85,Zone B,Power Outage
2025-05-07 19:06:36.450031,353.82,10867.76,71,70.35,Zone D,None
2025-05-07 20:06:36.450031,329.62,4746.43,25,75.66,Zone B,Maintenance
2025-05-07 21:06:36.450031,266.49,10085.86,97,56.36,Zone C,Maintenance
2025-05-07 22:06:36.450031,313.37,12689.35,77,70.2,Zone D,
2025-05-07 23:06:36.450031,356.6,10188.62,24,66.75,Zone D,Maintenance
2025-05-08 00:06:36.450031,409.95,13454.97,98,92.09,Zone A,None
2025-05-08 01:06:36.450031,289.74,9472.51,64,23.64,Zone D,
2025-05-08 02:06:36.450031,342.89,12005.3,44,42.48,Zone C,Power Outage
2025-05-08 03:06:36.450031,356.72,8243.46,64,96.03,Zone D,Maintenance
2025-05-08 04:06:36.450031,259.38,11923.91,23,91.22,Zone B,Festival
2025-05-08 05:06:36.450031,389.1,10465.19,58,56.45,Zone D,Maintenance
2025-05-08 06:06:36.450031,246.74,9560.5,92,69.61,Zone B,Heavy Rain
2025-05-08 07:06:36.450031,340.45,4852.24,16,42.19,Zone A,Festival
2025-05-08 08:06:36.450031,315.27,9491.25,39,35.05,Zone D,Festival
2025-05-08 09:06:36.450031,302.78,10426.91,92,57.1,Zone A,Festival
2025-05-08 10:06:36.450031,427.34,11657.42,58,48.27,Zone A,
2025-05-08 11:06:36.450031,284.94,13121.9,98,66.69,Zone D,Maintenance
2025-05-08 12:06:36.450031,284.13,14070.07,25,26.22,Zone B,Festival
2025-05-08 13:06:36.450031,366.57,12492.53,60,97.95,Zone D,
2025-05-08 14:06:36.450031,338.09,8875.82,81,98.9,Zone B,Heavy Rain
2025-05-08 15:06:36.450031,364.1,9390.39,91,75.85,Zone A,None
2025-05-08 16:06:36.450031,305.84,11477.83,89,62.89,Zone C,Heavy Rain
2025-05-08 17:06:36.450031,315.85,11039.23,92,44.76,Zone D,Power Outage
2025-05-08 18:06:36.450031,395.05,13256.69,51,85.1,Zone C,
2025-05-08 19:06:36.450031,258.2,14958.78,26,74.78,Zone B,
2025-05-08 20:06:36.450031,294.86,14534.36,72,33.01,Zone D,Festival
2025-05-08 21:06:36.450031,339.91,12987.88,54,92.87,Zone C,Heavy Rain
2025-05-08 22:06:36.450031,290.21,11055.81,86,85.8,Zone C,Maintenance
2025-05-08 23:06:36.450031,271.49,12698.65,16,95.98,Zone D,Power Outage
2025-05-09 00:06:36.450031,330.92,13322.88,36,78.06,Zone C,
2025-05-09 01:06:36.450031,366.79,9705.4,19,69.07,Zone D,Heavy Rain
2025-05-09 02:06:36.450031,292.96,8934.68,43,53.46,Zone C,Festival
2025-05-09 03:06:36.450031,291.57,8465.16,45,94.62,Zone A,Maintenance
2025-05-09 04:06:36.450031,267.62,8247.23,34,89.29,Zone D,Festival
2025-05-09 05:06:36.450031,285.2,7236.01,15,23.62,Zone A,Power Outage
2025-05-09 06:06:36.450031,354.18,10499.8,33,22.11,Zone A,Heavy Rain
2025-05-09 07:06:36.450031,304.05,8000.49,27,50.12,Zone C,Festival
2025-05-09 08:06:36.450031,259.75,8432.96,96,84.84,Zone B,Power Outage
2025-05-09 09:06:36.450031,313.12,11402.51,15,98.98,Zone A,
2025-05-09 10:06:36.450031,352.56,10363.22,38,32.03,Zone A,Maintenance
2025-05-09 11:06:36.450031,271.91,10859.25,34,67.53,Zone A,Heavy Rain
2025-05-09 12:06:36.450031,233.57,12730.3,64,50.47,Zone B,Heavy Rain
2025-05-09 13:06:36.450031,409.54,11729.06,90,97.59,Zone B,Power Outage
2025-05-09 14:06:36.450031,231.07,13037.77,55,87.37,Zone A,Heavy Rain
2025-05-09 15:06:36.450031,282.05,10159.95,33,87.07,Zone B,Maintenance
2025-05-09 16:06:36.450031,311.61,13223.58,84,57.5,Zone B,Maintenance
2025-05-09 17:06:36.450031,286.38,10719.47,35,53.19,Zone B,Heavy Rain
2025-05-09 18:06:36.450031,296.25,10337.41,37,41.87,Zone D,Festival
2025-05-09 19:06:36.450031,328.84,12923.05,12,24.51,Zone A,Festival
2025-05-09 20:06:36.450031,180.41,8255.69,84,89.18,Zone B,Maintenance
2025-05-09 21:06:36.450031,236.66,14047.2,47,85.03,Zone D,Festival
2025-05-09 22:06:36.450031,302.21,9435.8,70,99.98,Zone C,Power Outage
2025-05-09 23:06:36.450031,279.79,7563.78,87,99.73,Zone C,None
2025-05-10 00:06:36.450031,306.47,11307.0,60,64.43,Zone B,
2025-05-10 01:06:36.450031,311.38,9245.36,99,81.52,Zone A,Heavy Rain
2025-05-10 02:06:36.450031,194.2,14051.61,57,95.58,Zone B,Power Outage
2025-05-10 03:06:36.450031,363.68,9134.2,30,87.97,Zone C,Maintenance
2025-05-10 04:06:36.450031,275.09,10628.9,63,39.79,Zone A,None
2025-05-10 05:06:36.450031,256.72,7148.81,65,56.04,Zone A,
2025-05-10 06:06:36.450031,310.42,11625.83,68,30.33,Zone C,Maintenance
2025-05-10 07:06:36.450031,305.36,8445.22,81,96.32,Zone D,None
2025-05-10 08:06:36.450031,359.83,11386.65,60,68.49,Zone D,Power Outage
2025-05-10 09:06:36.450031,313.59,9143.31,29,38.29,Zone B,None
2025-05-10 10:06:36.450031,357.91,5906.13,95,73.74,Zone A,Festival
2025-05-10 11:06:36.450031,253.09,10262.38,68,69.45,Zone B,Power Outage
2025-05-10 12:06:36.450031,307.09,10172.86,80,48.65,Zone A,Heavy Rain
2025-05-10 13:06:36.450031,244.26,11762.14,18,29.08,Zone C,Maintenance
2025-05-10 14:06:36.450031,304.88,13112.0,10,73.73,Zone A,Festival
2025-05-10 15:06:36.450031,294.29,13824.82,38,61.62,Zone A,Heavy Rain
2025-05-10 16:06:36.450031,292.14,11728.31,72,81.79,Zone C,None
2025-05-10 17:06:36.450031,292.57,10557.24,81,61.61,Zone D,Festival
2025-05-10 18:06:36.450031,336.82,7145.33,65,88.17,Zone C,Heavy Rain
2025-05-10 19:06:36.450031,219.63,10404.04,77,64.15,Zone A,Power Outage
2025-05-10 20:06:36.450031,255.01,10429.88,44,64.88,Zone C,None
2025-05-10 21:06:36.450031,297.97,9602.72,12,90.13,Zone A,Heavy Rain
2025-05-10 22:06:36.450031,241.07,11265.94,16,52.28,Zone D,None
2025-05-10 23:06:36.450031,302.31,12243.81,36,30.72,Zone D,Heavy Rain
2025-05-11 00:06:36.450031,297.46,8363.19,10,22.3,Zone A,Maintenance
2025-05-11 01:06:36.450031,229.81,8332.03,89,80.41,Zone D,Power Outage
2025-05-11 02:06:36.450031,227.34,9721.42,80,69.62,Zone C,Festival
2025-05-11 03:06:36.450031,168.81,8769.54,53,76.33,Zone D,Heavy Rain
2025-05-11 04:06:36.450031,238.97,6717.49,96,37.04,Zone B,None
2025-05-11 05:06:36.450031,300.72,8006.81,50,30.91,Zone D,Power Outage
2025-05-11 06:06:36.450031,307.81,7535.36,84,21.16,Zone B,Festival
2025-05-11 07:06:36.450031,310.09,12416.9,51,48.05,Zone C,None
2025-05-11 08:06:36.450031,261.1,13405.65,42,67.19,Zone D,Power Outage
2025-05-11 09:06:36.450031,299.08,7809.13,59,51.38,Zone D,None
2025-05-11 10:06:36.450031,319.86,11092.15,72,55.0,Zone D,
2025-05-11 11:06:36.450031,236.6,11747.03,46,92.33,Zone C,
2025-05-11 12:06:36.450031,306.17,7015.46,68,47.86,Zone C,Power Outage
2025-05-11 13:06:36.450031,332.82,10321.96,90,61.12,Zone B,Festival
2025-05-11 14:06:36.450031,275.46,15067.03,57,82.69,Zone A,Festival
2025-05-11 15:06:36.450031,353.11,11354.29,14,51.72,Zone C,None
2025-05-11 16:06:36.450031,276.63,9509.4,57,69.77,Zone D,Power Outage
2025-05-11 17:06:36.450031,257.0,8879.63,12,88.99,Zone B,Heavy Rain
2025-05-11 18:06:36.450031,327.84,5955.08,56,95.96,Zone D,
2025-05-11 19:06:36.450031,401.66,10940.95,71,31.77,Zone D,Festival
2025-05-11 20:06:36.450031,304.27,13895.63,23,114.29246627111381,Zone C,
2025-05-11 21:06:36.450031,331.75,8372.91,72,59.37,Zone A,Heavy Rain
2025-05-11 22:06:36.450031,274.56,6128.83,70,40.66,Zone D,Heavy Rain
2025-05-11 23:06:36.450031,237.92,8671.55,40,56.73,Zone C,Maintenance
2025-05-12 00:06:36.450031,308.31,11763.2,26,98.4,Zone B,None
2025-05-12 01:06:36.450031,316.22,9143.0,33,59.41,Zone D,None
2025-05-12 02:06:36.450031,282.1,8359.06,32,46.3,Zone B,None
2025-05-12 03:06:36.450031,331.55,10038.31,91,70.67,Zone C,Power Outage
2025-05-12 04:06:36.450031,267.3,10459.4,59,39.21,Zone C,Festival
2025-05-12 05:06:36.450031,254.9,7223.22,87,26.07,Zone C,Festival
2025-05-12 06:06:36.450031,353.03,9565.43,88,30.31,Zone C,Maintenance
2025-05-12 07:06:36.450031,353.27,9005.46,88,30.24,Zone C,
2025-05-12 08:06:36.450031,268.28,8718.19,79,32.15,Zone A,Maintenance
2025-05-12 09:06:36.450031,385.94,7965.93,36,31.11,Zone B,Maintenance
2025-05-12 10:06:36.450031,285.64,11882.52,24,71.27,Zone A,Heavy Rain
2025-05-12 11:06:36.450031,304.24,8711.23,59,34.55,Zone B,None
2025-05-12 12:06:36.450031,295.77,6010.11,45,47.65,Zone D,Power Outage
2025-05-12 13:06:36.450031,326.19,10528.6,17,91.74,Zone D,Festival
2025-05-12 14:06:36.450031,313.57,11450.4,88,57.92,Zone B,Power Outage
2025-05-12 15:06:36.450031,312.9,8407.97,12,73.4,Zone D,None
2025-05-12 16:06:36.450031,249.02,8880.67,71,33.79,Zone D,None
2025-05-12 17:06:36.450031,215.57,8701.89,56,35.38,Zone D,Festival
2025-05-12 18:06:36.450031,357.11,9306.69,86,23.27,Zone A,Heavy Rain
2025-05-12 19:06:36.450031,272.73,12213.7,97,33.51,Zone A,
2025-05-12 20:06:36.450031,297.55,9771.88,70,42.29,Zone C,Maintenance
2025-05-12 21:06:36.450031,316.34,11679.19,41,34.16,Zone B,Heavy Rain
2025-05-12 22:06:36.450031,381.45,8062.34,22,27.1,Zone D,None
2025-05-12 23:06:36.450031,308.07,9232.62,10,29.65,Zone B,None
2025-05-13 00:06:36.450031,280.26,11908.03,43,56.86,Zone C,Heavy Rain
2025-05-13 01:06:36.450031,273.82,8388.79,71,36.51,Zone C,Maintenance
2025-05-13 02:06:36.450031,298.13,12024.27,88,49.14,Zone D,Maintenance
2025-05-13 03:06:36.450031,254.53,8743.23,87,60.27,Zone C,None
2025-05-13 04:06:36.450031,301.44,9356.67,91,75.23,Zone D,
2025-05-13 05:06:36.450031,297.4,13340.33,80,23.14,Zone C,Maintenance
2025-05-13 06:06:36.450031,382.08,9128.36,40,2.1175535066547835,Zone C,Maintenance
2025-05-13 07:06:36.450031,295.82,10290.69,73,70.23,Zone D,Festival
2025-05-13 08:06:36.450031,203.78,11232.87,34,26.54,Zone C,
2025-05-13 09:06:36.450031,433.68,10453.02,47,89.89,Zone C,Festival
2025-05-13 10:06:36.450031,347.84,10510.11,23,93.67,Zone C,Power Outage
2025-05-13 11:06:36.450031,404.12,9886.92,17,24.89,Zone B,Heavy Rain
2025-05-13 12:06:36.450031,242.13,7395.52,63,42.15,Zone A,None
2025-05-13 13:06:36.450031,288.91,10696.58,11,84.5,Zone B,Maintenance
2025-05-13 14:06:36.450031,333.72,8535.06,90,79.86,Zone C,Power Outage
2025-05-13 15:06:36.450031,326.82,11551.53,87,34.76,Zone A,Festival
2025-05-13 16:06:36.450031,315.35,12744.12,98,36.75,Zone B,Maintenance
2025-05-13 17:06:36.450031,190.02,6388.89,65,49.64,Zone B,Heavy Rain
2025-05-13 18:06:36.450031,214.38,12747.62,93,58.76,Zone B,Festival
2025-05-13 19:06:36.450031,375.88,9177.88,94,69.46,Zone D,
2025-05-13 20:06:36.450031,384.77,9738.1,70,49.51,Zone C,
2025-05-13 21:06:36.450031,294.67,8175.23,31,57.0,Zone C,None
2025-05-13 22:06:36.450031,369.52,10376.94,44,79.8,Zone A,Maintenance
2025-05-13 23:06:36.450031,248.84,10133.63,25,22.93,Zone B,Power Outage
2025-05-14 00:06:36.450031,260.28,12153.85,59,40.19,Zone C,None
2025-05-14 01:06:36.450031,244.89,8517.21,52,77.07,Zone B,Maintenance
2025-05-14 02:06:36.450031,257.5,13321.6,26,91.62,Zone C,Maintenance
2025-05-14 03:06:36.450031,336.13,11329.43,89,60.93,Zone B,Maintenance
2025-05-14 04:06:36.450031,256.88,10181.94,67,62.57,Zone C,Maintenance
2025-05-14 05:06:36.450031,411.99,9638.43,11,28.57,Zone A,Maintenance
2025-05-14 06:06:36.450031,323.0,9386.86,13,55.79,Zone B,None
2025-05-14 07:06:36.450031,354.23,9517.31,94,62.61,Zone C,Heavy Rain
2025-05-14 08:06:36.450031,324.5,10336.8,48,39.4,Zone A,Heavy Rain
2025-05-14 09:06:36.450031,360.71,9582.0,15,41.54,Zone A,None
2025-05-14 10:06:36.450031,256.6,8718.94,90,50.18,Zone C,
2025-05-14 11:06:36.450031,372.35,10348.92,98,21.61,Zone B,Heavy Rain
2025-05-14 12:06:36.450031,307.05,8327.42,78,45.77,Zone D,Power Outage
2025-05-14 13:06:36.450031,360.46,10644.93,78,36.92,Zone A,Power Outage
2025-05-14 14:06:36.450031,228.02,9553.87,29,46.2,Zone A,
2025-05-14 15:06:36.450031,309.03,11393.46,73,29.58,Zone C,None
2025-05-14 16:06:36.450031,307.26,11978.15,25,91.24,Zone D,Power Outage
2025-05-14 17:06:36.450031,269.04,11977.36,60,67.49,Zone D,None
2025-05-14 18:06:36.450031,315.66,10636.21,46,74.33,Zone D,Power Outage
2025-05-14 19:06:36.450031,376.98,10869.66,82,83.13,Zone C,Festival
2025-05-14 20:06:36.450031,265.19,9354.5,78,59.88,Zone B,
2025-05-14 21:06:36.450031,348.09,11355.28,51,26.95,Zone A,
2025-05-14 22:06:36.450031,243.63,11581.0,66,62.97,Zone C,
2025-05-14 23:06:36.450031,405.47,6865.34,75,66.95,Zone D,None
2025-05-15 00:06:36.450031,339.23,10756.69,18,79.64,Zone A,Maintenance
2025-05-15 01:06:36.450031,386.26,12736.26,95,54.53,Zone A,
2025-05-15 02:06:36.450031,333.6,9287.42,73,30.21,Zone D,Power Outage
2025-05-15 03:06:36.450031,319.53,8850.91,95,42.7,Zone D,Festival
2025-05-15 04:06:36.450031,339.65,9160.27,31,49.05,Zone A,None
2025-05-15 05:06:36.450031,293.18,6990.25,43,71.67,Zone A,Power Outage
2025-05-15 06:06:36.450031,219.11,10251.97,64,65.66,Zone B,Maintenance
2025-05-15 07:06:36.450031,322.37,10059.93,38,48.49,Zone B,Power Outage
2025-05-15 08:06:36.450031,262.22,10394.05,47,98.92,Zone C,
2025-05-15 09:06:36.450031,244.92,10831.95,27,68.46,Zone A,Festival
2025-05-15 10:06:36.450031,331.81,8404.01,80,116.31380316515795,Zone B,
2025-05-15 11:06:36.450031,286.04,10546.4,74,28.14,Zone A,Heavy Rain
2025-05-15 12:06:36.450031,351.39,10886.4,10,32.23,Zone D,
2025-05-15 13:06:36.450031,260.55,9023.22,97,39.68,Zone B,Heavy Rain
2025-05-15 14:06:36.450031,276.46,10840.24,13,32.85,Zone D,
2025-05-15 15:06:36.450031,357.51,10161.41,13,34.93,Zone D,Festival
2025-05-15 16:06:36.450031,313.99,8737.62,91,42.81,Zone D,Festival
2025-05-15 17:06:36.450031,226.13,10565.58,36,33.87,Zone C,None
2025-05-15 18:06:36.450031,312.89,9418.58,52,91.74,Zone D,
2025-05-15 19:06:36.450031,374.06,11394.13,68,3.8646084115914716,Zone C,Heavy Rain
2025-05-15 20:06:36.450031,276.07,9521.67,41,61.96,Zone A,None
2025-05-15 21:06:36.450031,329.9,7420.47,42,52.83,Zone A,Power Outage
2025-05-15 22:06:36.450031,257.53,10533.97,37,98.59,Zone B,Festival
2025-05-15 23:06:36.450031,293.16,10458.81,64,28.96,Zone B,None
2025-05-16 00:06:36.450031,354.49,7837.73,69,111.45505766263382,Zone C,Festival
2025-05-16 01:06:36.450031,310.96,11501.07,79,97.56,Zone A,None
2025-05-16 02:06:36.450031,364.46,11396.44,71,89.24,Zone B,Power Outage
2025-05-16 03:06:36.450031,321.27,8260.04,89,85.37,Zone B,Power Outage
2025-05-16 04:06:36.450031,410.94,8680.75,43,40.63,Zone B,Maintenance
2025-05-16 05:06:36.450031,221.75,9715.98,96,33.67,Zone A,Heavy Rain
2025-05-16 06:06:36.450031,289.14,8482.3,97,73.49,Zone B,Maintenance
2025-05-16 07:06:36.450031,245.77,11280.79,65,94.35,Zone A,Heavy Rain
2025-05-16 08:06:36.450031,249.19,10297.94,22,64.54,Zone D,Power Outage
2025-05-16 09:06:36.450031,249.64,7812.89,65,65.73,Zone D,None
2025-05-16 10:06:36.450031,308.39,8355.06,27,42.4,Zone D,
2025-05-16 11:06:36.450031,311.32,12375.44,63,81.56,Zone C,Festival
2025-05-16 12:06:36.450031,321.37,13071.12,86,34.96,Zone A,Power Outage
2025-05-16 13:06:36.450031,243.85,11077.46,52,45.89,Zone B,Power Outage
2025-05-16 14:06:36.450031,283.79,9577.45,48,54.03,Zone C,None
2025-05-16 15:06:36.450031,251.79,9120.07,70,60.61,Zone C,
2025-05-16 16:06:36.450031,346.79,11099.4,51,39.39,Zone D,Power Outage
2025-05-16 17:06:36.450031,256.49,10151.84,90,29.19,Zone A,Power Outage
2025-05-16 18:06:36.450031,289.31,6779.86,88,68.85,Zone B,None
2025-05-16 19:06:36.450031,328.02,12063.74,27,43.09,Zone C,Power Outage
2025-05-16 20:06:36.450031,269.22,12691.61,32,66.5,Zone B,Heavy Rain
2025-05-16 21:06:36.450031,334.69,11474.51,63,32.35,Zone D,Heavy Rain
2025-05-16 22:06:36.450031,379.8,7816.78,39,58.49,Zone A,
2025-05-16 23:06:36.450031,309.49,8726.35,67,62.61,Zone B,Heavy Rain
2025-05-17 00:06:36.450031,345.08,6284.56,77,24.15,Zone B,Heavy Rain
2025-05-17 01:06:36.450031,196.33,13192.1,76,46.93,Zone C,Power Outage
2025-05-17 02:06:36.450031,278.55,9286.52,80,30.75,Zone B,Festival
2025-05-17 03:06:36.450031,309.25,14666.58,27,25.07,Zone A,Heavy Rain
2025-05-17 04:06:36.450031,247.35,13910.46,16,99.2,Zone A,
2025-05-17 05:06:36.450031,310.38,8193.15,49,45.79,Zone B,Heavy Rain
2025-05-17 06:06:36.450031,353.0,8583.46,79,84.79,Zone C,Power Outage
2025-05-17 07:06:36.450031,206.02,10932.38,95,40.37,Zone C,Maintenance
2025-05-17 08:06:36.450031,240.55,6490.92,74,74.52,Zone D,Power Outage
2025-05-17 09:06:36.450031,309.24,9123.48,77,80.82,Zone A,None
2025-05-17 10:06:36.450031,323.02,8923.68,58,67.65,Zone D,
2025-05-17 11:06:36.450031,336.9,13702.33,61,57.73,Zone C,Heavy Rain
2025-05-17 12:06:36.450031,305.54,10322.04,38,52.95,Zone D,None
2025-05-17 13:06:36.450031,323.08,9430.47,30,47.91,Zone C,Heavy Rain
2025-05-17 14:06:36.450031,345.17,8737.03,99,94.36,Zone D,Maintenance
2025-05-17 15:06:36.450031,279.28,11788.1,87,86.45,Zone D,Festival
2025-05-17 16:06:36.450031,269.57,9006.58,18,97.2,Zone A,Maintenance
2025-05-17 17:06:36.450031,291.57,9899.43,56,29.94,Zone A,Power Outage
2025-05-17 18:06:36.450031,309.97,8721.75,85,78.47,Zone D,Power Outage
2025-05-17 19:06:36.450031,267.09,6964.93,51,95.07,Zone C,None
2025-05-17 20:06:36.450031,280.31,8007.93,60,34.5,Zone C,None
2025-05-17 21:06:36.450031,319.89,8996.06,65,25.32,Zone A,Power Outage
2025-05-17 22:06:36.450031,307.89,9473.49,60,79.29,Zone A,
2025-05-17 23:06:36.450031,290.73,9561.15,79,65.96,Zone B,Power Outage
2025-05-18 00:06:36.450031,212.95,9822.16,29,87.35,Zone A,Power Outage
2025-05-18 01:06:36.450031,299.82,9022.62,97,31.18,Zone C,Heavy Rain
2025-05-18 02:06:36.450031,251.5,12698.25,36,83.62,Zone A,Maintenance
2025-05-18 03:06:36.450031,349.15,11895.97,47,36.13,Zone B,
2025-05-18 04:06:36.450031,284.56,9729.78,81,33.09,Zone D,Heavy Rain
2025-05-18 05:06:36.450031,250.19,10508.52,74,33.14,Zone D,Festival
2025-05-18 06:06:36.450031,296.92,9255.82,63,85.17,Zone C,
2025-05-18 07:06:36.450031,363.53,4313.03,33,73.22,Zone B,Heavy Rain
2025-05-18 08:06:36.450031,331.54,10040.99,56,61.85,Zone D,Power Outage
2025-05-18 09:06:36.450031,311.0,10611.23,80,48.71,Zone D,Heavy Rain
2025-05-18 10:06:36.450031,233.7,6774.68,92,90.18,Zone A,None
2025-05-18 11:06:36.450031,381.08,10998.82,95,51.4,Zone D,
2025-05-18 12:06:36.450031,268.92,9438.85,72,85.33,Zone C,Power Outage
2025-05-18 13:06:36.450031,346.69,10675.87,66,55.13,Zone D,Maintenance
2025-05-18 14:06:36.450031,283.73,9499.2,64,50.16,Zone C,Heavy Rain
2025-05-18 15:06:36.450031,341.88,12501.91,69,57.01,Zone C,Power Outage
2025-05-18 16:06:36.450031,365.34,10452.46,71,44.11,Zone A,
2025-05-18 17:06:36.450031,332.41,12004.83,39,79.81,Zone B,None
2025-05-18 18:06:36.450031,337.79,12169.45,31,60.22,Zone C,None
2025-05-18 19:06:36.450031,295.08,7760.89,84,38.58,Zone D,
2025-05-18 20:06:36.450031,278.3,8521.97,93,91.97,Zone D,
2025-05-18 21:06:36.450031,306.91,10903.22,38,50.71,Zone C,Heavy Rain
2025-05-18 22:06:36.450031,283.0,9268.93,50,63.48,Zone D,Power Outage
2025-05-18 23:06:36.450031,423.36,9522.79,51,92.52,Zone A,Maintenance
2025-05-19 00:06:36.450031,250.38,12573.13,74,69.94,Zone D,
2025-05-19 01:06:36.450031,350.1,9379.27,40,29.35,Zone A,
2025-05-19 02:06:36.450031,325.86,8062.14,39,1.9178245559186058,Zone C,Festival
2025-05-19 03:06:36.450031,311.49,8332.4,27,70.22,Zone C,None
2025-05-19 04:06:36.450031,373.99,14364.71,26,46.79,Zone C,Festival
2025-05-19 05:06:36.450031,314.92,9643.56,47,31.14,Zone A,Maintenance
2025-05-19 06:06:36.450031,268.25,7271.5,23,83.52,Zone D,
2025-05-19 07:06:36.450031,314.59,6461.08,96,69.61,Zone A,Heavy Rain
2025-05-19 08:06:36.450031,290.84,8750.73,98,62.68,Zone D,None
2025-05-19 09:06:36.450031,325.16,9606.96,88,91.51,Zone D,Festival
2025-05-19 10:06:36.450031,340.65,11898.35,65,83.09,Zone A,None
2025-05-19 11:06:36.450031,257.05,11704.69,31,32.13,Zone B,Festival
2025-05-19 12:06:36.450031,359.77,9987.31,76,44.94,Zone C,
2025-05-19 13:06:36.450031,287.26,9091.66,65,39.88,Zone D,Power Outage
2025-05-19 14:06:36.450031,322.18,10679.2,28,79.52,Zone D,Power Outage
2025-05-19 15:06:36.450031,330.85,6502.51,66,22.68,Zone A,Heavy Rain
2025-05-19 16:06:36.450031,318.37,13962.16,53,65.59,Zone B,Maintenance
2025-05-19 17:06:36.450031,294.54,11308.21,44,81.0,Zone C,None
2025-05-19 18:06:36.450031,275.57,11733.98,10,90.14,Zone B,Maintenance
2025-05-19 19:06:36.450031,286.55,7851.69,61,47.37,Zone C,Festival
2025-05-19 20:06:36.450031,378.26,12565.3,94,85.7,Zone D,
2025-05-19 21:06:36.450031,256.71,9079.97,79,28.85,Zone D,Heavy Rain
2025-05-19 22:06:36.450031,264.04,8094.88,46,87.72,Zone A,Power Outage
2025-05-19 23:06:36.450031,261.84,9921.66,74,30.2,Zone A,Power Outage
2025-05-20 00:06:36.450031,306.79,9874.89,60,51.78,Zone B,Heavy Rain
2025-05-20 01:06:36.450031,223.76,7842.93,10,83.78,Zone B,None
2025-05-20 02:06:36.450031,232.32,8210.13,30,31.99,Zone C,Maintenance
2025-05-20 03:06:36.450031,286.95,8053.54,62,38.34,Zone A,Festival
2025-05-20 04:06:36.450031,235.61,8072.57,25,77.78,Zone D,Maintenance
2025-05-20 05:06:36.450031,239.69,9223.8,70,77.6,Zone A,Power Outage
2025-05-20 06:06:36.450031,235.99,7222.03,63,71.29,Zone B,Heavy Rain
2025-05-20 07:06:36.450031,257.67,8617.25,49,75.52,Zone A,Power Outage
2025-05-20 08:06:36.450031,336.56,12090.27,35,63.42,Zone D,
2025-05-20 09:06:36.450031,347.79,11646.62,89,40.14,Zone A,Power Outage
2025-05-20 10:06:36.450031,395.95,7900.24,74,47.66,Zone B,Festival
2025-05-20 11:06:36.450031,394.12,11916.41,83,34.53,Zone D,None
2025-05-20 12:06:36.450031,339.32,6067.12,73,92.68,Zone C,None
2025-05-20 13:06:36.450031,351.38,14858.29,52,66.67,Zone C,
2025-05-20 14:06:36.450031,306.56,12600.63,26,52.07,Zone D,Festival
2025-05-20 15:06:36.450031,325.99,8880.54,68,56.96,Zone D,Heavy Rain
2025-05-20 16:06:36.450031,397.18,10764.85,32,95.78,Zone D,Maintenance
2025-05-20 17:06:36.450031,318.56,7198.16,16,32.27,Zone B,Heavy Rain
2025-05-20 18:06:36.450031,357.66,10120.89,53,66.9,Zone D,Maintenance
2025-05-20 19:06:36.450031,253.28,9632.67,62,60.47,Zone B,None
2025-05-20 20:06:36.450031,266.69,8330.47,80,68.92,Zone D,Power Outage
2025-05-20 21:06:36.450031,315.6,9062.89,88,21.45,Zone B,Power Outage
2025-05-20 22:06:36.450031,307.5,8866.03,43,89.77,Zone B,
2025-05-20 23:06:36.450031,269.0,7736.53,55,94.57,Zone A,Heavy Rain
2025-05-21 00:06:36.450031,420.37,8283.71,77,65.21,Zone C,Festival
2025-05-21 01:06:36.450031,308.63,7116.31,87,75.73,Zone D,Maintenance
2025-05-21 02:06:36.450031,277.86,11714.66,87,93.8,Zone C,Power Outage
2025-05-21 03:06:36.450031,307.58,8135.77,25,76.58,Zone C,
2025-05-21 04:06:36.450031,301.27,7555.96,80,32.2,Zone A,Heavy Rain
2025-05-21 05:06:36.450031,309.39,11683.01,28,66.1,Zone C,Festival
2025-05-21 06:06:36.450031,220.31,10739.24,11,68.54,Zone C,None
2025-05-21 07:06:36.450031,364.6,11609.0,19,53.93,Zone D,Festival
2025-05-21 08:06:36.450031,367.44,11832.17,59,78.92,Zone B,None
2025-05-21 09:06:36.450031,373.52,13874.91,90,94.75,Zone D,Heavy Rain
2025-05-21 10:06:36.450031,316.27,9687.92,21,94.05,Zone D,Festival
2025-05-21 11:06:36.450031,333.12,7084.78,79,56.07,Zone C,
2025-05-21 12:06:36.450031,256.69,10542.08,31,29.06,Zone C,Heavy Rain
2025-05-21 13:06:36.450031,341.64,8661.99,41,98.79,Zone D,None
2025-05-21 14:06:36.450031,312.59,8084.99,93,87.11,Zone D,
2025-05-21 15:06:36.450031,276.98,10199.85,10,29.97,Zone C,Power Outage
2025-05-21 16:06:36.450031,343.24,11731.51,63,93.67,Zone B,
2025-05-21 17:06:36.450031,345.17,8328.01,67,89.59,Zone B,Power Outage
2025-05-21 18:06:36.450031,303.03,12548.78,79,61.51,Zone D,
2025-05-21 19:06:36.450031,321.92,8020.77,92,67.3,Zone B,None
2025-05-21 20:06:36.450031,248.41,9512.19,27,51.92,Zone D,Maintenance
2025-05-21 21:06:36.450031,362.16,10772.62,15,24.38,Zone A,Maintenance
2025-05-21 22:06:36.450031,255.06,9224.2,54,46.82,Zone C,Power Outage
2025-05-21 23:06:36.450031,264.73,6448.0,32,84.23,Zone D,Power Outage
2025-05-22 00:06:36.450031,303.12,11854.81,32,20.37,Zone D,Festival
2025-05-22 01:06:36.450031,355.73,8753.07,35,46.68,Zone D,
2025-05-22 02:06:36.450031,355.7,11489.8,86,51.85,Zone B,
2025-05-22 03:06:36.450031,299.76,7471.71,16,62.99,Zone D,
2025-05-22 04:06:36.450031,338.65,7813.13,88,93.59,Zone A,
2025-05-22 05:06:36.450031,215.55,11724.87,53,47.71,Zone B,Festival
2025-05-22 06:06:36.450031,264.03,10681.02,36,47.76,Zone C,Power Outage
2025-05-22 07:06:36.450031,265.05,9122.83,35,79.0,Zone A,Maintenance
2025-05-22 08:06:36.450031,362.61,10710.06,88,56.18,Zone D,Festival
2025-05-22 09:06:36.450031,332.73,8091.92,45,37.97,Zone A,None
2025-05-22 10:06:36.450031,309.23,10220.52,64,107.55997137824997,Zone D,Festival
2025-05-22 11:06:36.450031,314.09,10257.11,73,31.27,Zone A,Festival
2025-05-22 12:06:36.450031,378.42,9252.44,66,34.11,Zone B,Festival
2025-05-22 13:06:36.450031,291.49,8329.43,78,59.87,Zone D,Heavy Rain
2025-05-22 14:06:36.450031,234.3,10140.5,70,53.51,Zone B,None
2025-05-22 15:06:36.450031,354.36,9890.04,11,93.19,Zone A,Power Outage
2025-05-22 16:06:36.450031,309.09,9068.36,64,48.99,Zone D,Maintenance
2025-05-22 17:06:36.450031,347.68,7932.37,89,66.45,Zone C,Maintenance
2025-05-22 18:06:36.450031,297.76,10024.95,96,70.58,Zone C,Power Outage
2025-05-22 19:06:36.450031,258.07,9073.36,47,21.05,Zone D,Heavy Rain
2025-05-22 20:06:36.450031,320.14,7930.68,89,73.08,Zone A,Maintenance
2025-05-22 21:06:36.450031,300.51,10087.06,87,34.24,Zone C,Festival
2025-05-22 22:06:36.450031,309.25,13216.61,38,96.89,Zone D,Maintenance
2025-05-22 23:06:36.450031,380.83,9266.34,35,31.89,Zone C,None
2025-05-23 00:06:36.450031,245.06,12995.55,44,53.17,Zone D,None
2025-05-23 01:06:36.450031,314.3,14228.66,88,26.83,Zone A,Power Outage
2025-05-23 02:06:36.450031,259.05,8093.16,76,99.75,Zone A,Heavy Rain
2025-05-23 03:06:36.450031,170.47,10018.09,96,60.18,Zone B,
2025-05-23 04:06:36.450031,297.55,14207.46,38,67.63,Zone C,
2025-05-23 05:06:36.450031,301.55,9757.84,43,25.37,Zone B,Heavy Rain
2025-05-23 06:06:36.450031,331.18,10073.62,50,80.0,Zone A,Maintenance
2025-05-23 07:06:36.450031,289.12,6659.99,50,36.79,Zone D,Heavy Rain
2025-05-23 08:06:36.450031,225.55,8936.68,32,91.84,Zone A,Heavy Rain
2025-05-23 09:06:36.450031,258.88,11111.18,80,36.41,Zone A,Maintenance
2025-05-23 10:06:36.450031,365.85,14858.57,12,35.26,Zone D,None
2025-05-23 11:06:36.450031,258.17,9607.99,67,22.92,Zone B,Festival
2025-05-23 12:06:36.450031,379.16,6674.75,41,57.77,Zone C,Power Outage
2025-05-23 13:06:36.450031,352.5,7189.5,40,65.19,Zone A,
2025-05-23 14:06:36.450031,284.11,9928.42,91,25.26,Zone A,None
2025-05-23 15:06:36.450031,263.55,12354.41,52,82.04,Zone C,Heavy Rain
2025-05-23 16:06:36.450031,352.4,11274.71,16,56.26,Zone A,Heavy Rain
2025-05-23 17:06:36.450031,287.95,10920.51,10,61.95,Zone C,
2025-05-23 18:06:36.450031,222.72,12618.29,70,55.26,Zone C,Maintenance
2025-05-23 19:06:36.450031,328.12,8559.54,23,52.06,Zone C,Power Outage
2025-05-23 20:06:36.450031,320.86,10038.19,61,64.77,Zone D,Festival
2025-05-23 21:06:36.450031,356.89,8959.24,15,32.42,Zone B,Maintenance
2025-05-23 22:06:36.450031,317.48,9457.09,19,34.55,Zone B,
2025-05-23 23:06:36.450031,272.54,7987.46,80,88.94,Zone D,Maintenance
2025-05-24 00:06:36.450031,363.48,9312.05,99,95.69,Zone B,Festival
2025-05-24 01:06:36.450031,368.35,9944.57,39,49.86,Zone B,Festival
2025-05-24 02:06:36.450031,311.66,9257.06,30,109.46032572355259,Zone B,Heavy Rain
2025-05-24 03:06:36.450031,303.02,9677.88,69,71.52,Zone A,Maintenance
2025-05-24 04:06:36.450031,233.84,10810.08,90,52.7,Zone D,None
2025-05-24 05:06:36.450031,269.62,12477.39,83,22.03,Zone B,None
2025-05-24 06:06:36.450031,338.04,12622.31,72,32.49,Zone D,Maintenance
2025-05-24 07:06:36.450031,272.14,11522.84,51,77.28,Zone B,Festival
2025-05-24 08:06:36.450031,227.16,7480.04,60,72.71,Zone B,Power Outage
2025-05-24 09:06:36.450031,474.79,9279.18,73,22.17,Zone D,Festival
2025-05-24 10:06:36.450031,226.83,9451.43,85,37.76,Zone C,Festival
2025-05-24 11:06:36.450031,412.84,8685.7,65,38.49,Zone D,Power Outage
2025-05-24 12:06:36.450031,284.63,10684.7,89,73.75,Zone C,
2025-05-24 13:06:36.450031,295.77,6811.34,50,21.58,Zone A,Festival
2025-05-24 14:06:36.450031,266.39,13387.13,41,28.33,Zone D,Power Outage
2025-05-24 15:06:36.450031,339.14,12390.44,24,83.99,Zone C,Maintenance
2025-05-24 16:06:36.450031,228.01,10956.4,71,34.28,Zone B,Power Outage
2025-05-24 17:06:36.450031,207.98,9875.78,36,72.22,Zone A,None
2025-05-24 18:06:36.450031,380.51,12457.68,37,39.05,Zone D,Power Outage
2025-05-24 19:06:36.450031,259.8,11378.81,90,27.96,Zone C,Festival
2025-05-24 20:06:36.450031,337.3,12213.28,73,39.45,Zone C,
2025-05-24 21:06:36.450031,245.73,9881.9,68,77.78,Zone D,Maintenance
2025-05-24 22:06:36.450031,335.42,13578.63,67,88.46,Zone C,Power Outage
2025-05-24 23:06:36.450031,384.18,12333.78,11,86.42,Zone D,Festival
2025-05-25 00:06:36.450031,273.64,11019.07,45,51.77,Zone C,
2025-05-25 01:06:36.450031,203.33,12511.95,80,73.45,Zone B,Power Outage
2025-05-25 02:06:36.450031,384.44,9161.68,22,36.4,Zone D,Maintenance
2025-05-25 03:06:36.450031,346.31,7665.0,24,43.45,Zone D,Maintenance
2025-05-25 04:06:36.450031,276.32,10643.1,98,91.71,Zone A,None
2025-05-25 05:06:36.450031,289.1,9885.82,96,21.04,Zone B,Maintenance
2025-05-25 06:06:36.450031,244.47,9604.57,69,26.84,Zone D,
2025-05-25 07:06:36.450031,371.01,12432.62,31,36.63,Zone C,Festival
2025-05-25 08:06:36.450031,273.26,10334.28,72,22.12,Zone C,Maintenance
2025-05-25 09:06:36.450031,229.06,10527.14,99,34.51,Zone C,Maintenance
2025-05-25 10:06:36.450031,310.68,9345.89,84,66.64,Zone A,Festival
2025-05-25 11:06:36.450031,257.0,11762.25,83,53.71,Zone D,Festival
2025-05-25 12:06:36.450031,248.5,11403.75,34,91.41,Zone C,
2025-05-25 13:06:36.450031,278.5,11747.32,57,85.4,Zone A,Maintenance
2025-05-25 14:06:36.450031,304.32,9005.47,52,47.35,Zone A,
2025-05-25 15:06:36.450031,230.94,12608.18,47,40.75,Zone D,Maintenance
2025-05-25 16:06:36.450031,369.26,13677.54,50,50.38,Zone C,Power Outage
2025-05-25 17:06:36.450031,333.86,11684.08,54,67.22,Zone B,Maintenance
2025-05-25 18:06:36.450031,281.73,8381.42,97,41.45,Zone C,None
2025-05-25 19:06:36.450031,254.83,8395.6,49,69.93,Zone B,None
2025-05-25 20:06:36.450031,295.54,9249.25,26,52.75,Zone B,None
2025-05-25 21:06:36.450031,344.97,8871.25,97,64.16,Zone C,None
2025-05-25 22:06:36.450031,337.23,9857.81,66,54.89,Zone B,
2025-05-25 23:06:36.450031,352.93,11264.88,11,43.56,Zone A,Maintenance
2025-05-26 00:06:36.450031,275.98,10579.9,71,95.88,Zone A,Power Outage
2025-05-26 01:06:36.450031,153.75,10404.58,97,81.09,Zone C,
2025-05-26 02:06:36.450031,362.39,9517.59,18,31.21,Zone D,Festival
2025-05-26 03:06:36.450031,291.64,9852.31,77,89.48,Zone A,Maintenance
2025-05-26 04:06:36.450031,333.31,11593.15,90,58.99,Zone C,Heavy Rain
2025-05-26 05:06:36.450031,383.46,5976.08,26,91.56,Zone B,Maintenance
2025-05-26 06:06:36.450031,421.72,9977.22,59,83.99,Zone A,
2025-05-26 07:06:36.450031,267.51,10575.98,49,54.02,Zone C,None
2025-05-26 08:06:36.450031,306.7,11567.17,67,21.8,Zone C,Heavy Rain
2025-05-26 09:06:36.450031,368.34,7979.91,84,41.49,Zone D,
2025-05-26 10:06:36.450031,257.79,7874.18,94,63.33,Zone B,Maintenance
2025-05-26 11:06:36.450031,270.89,11167.91,30,70.68,Zone B,Power Outage
2025-05-26 12:06:36.450031,270.6,6191.1,27,40.63,Zone B,
2025-05-26 13:06:36.450031,298.6,12664.38,64,31.15,Zone C,Power Outage
2025-05-26 14:06:36.450031,288.99,10453.18,38,86.79,Zone C,Heavy Rain
2025-05-26 15:06:36.450031,270.31,13117.44,33,98.75,Zone B,Festival
2025-05-26 16:06:36.450031,251.71,7825.86,83,62.06,Zone C,
2025-05-26 17:06:36.450031,340.6,9127.28,26,33.73,Zone D,Heavy Rain
2025-05-26 18:06:36.450031,366.89,5184.26,27,41.78,Zone C,Power Outage
2025-05-26 19:06:36.450031,374.14,8408.62,51,21.47,Zone C,Heavy Rain
2025-05-26 20:06:36.450031,275.95,9632.31,93,93.14,Zone A,None
2025-05-26 21:06:36.450031,342.69,6074.58,54,29.42,Zone D,
2025-05-26 22:06:36.450031,311.82,9210.75,91,66.12,Zone A,None
2025-05-26 23:06:36.450031,271.47,6025.32,26,41.92,Zone B,Festival
2025-05-27 00:06:36.450031,336.71,9485.08,82,64.33,Zone B,Heavy Rain
2025-05-27 01:06:36.450031,269.17,12294.22,23,72.11,Zone D,Heavy Rain
2025-05-27 02:06:36.450031,281.19,9930.04,58,86.38,Zone C,Heavy Rain
2025-05-27 03:06:36.450031,231.16,13316.41,38,36.51,Zone A,Heavy Rain
2025-05-27 04:06:36.450031,276.79,11572.59,13,20.88,Zone D,Festival
2025-05-27 05:06:36.450031,312.69,12696.3,91,30.95,Zone A,Power Outage
2025-05-27 06:06:36.450031,378.45,8470.11,29,92.0,Zone C,Maintenance
2025-05-27 07:06:36.450031,282.33,8421.72,56,89.91,Zone A,Festival
2025-05-27 08:06:36.450031,248.09,10691.23,18,67.79,Zone D,Power Outage
2025-05-27 09:06:36.450031,374.87,6844.6,86,68.04,Zone C,
2025-05-27 10:06:36.450031,274.77,10942.29,88,73.2,Zone C,Power Outage
2025-05-27 11:06:36.450031,212.58,9352.16,36,34.03,Zone D,
2025-05-27 12:06:36.450031,306.65,12659.99,24,93.15,Zone C,Power Outage
2025-05-27 13:06:36.450031,283.76,11359.02,28,53.5,Zone A,Heavy Rain
2025-05-27 14:06:36.450031,415.02,12193.41,99,50.65,Zone B,Festival
2025-05-27 15:06:36.450031,323.77,8491.59,61,61.51,Zone D,Power Outage
2025-05-27 16:06:36.450031,292.68,12096.42,35,23.76,Zone A,Maintenance
2025-05-27 17:06:36.450031,253.78,12889.42,98,33.3,Zone C,Maintenance
2025-05-27 18:06:36.450031,316.51,9922.57,35,79.04,Zone B,None
2025-05-27 19:06:36.450031,372.84,8521.3,35,26.62,Zone A,Power Outage
2025-05-27 20:06:36.450031,315.59,8556.43,55,68.25,Zone D,Festival
2025-05-27 21:06:36.450031,257.63,12478.03,58,39.63,Zone C,Heavy Rain
2025-05-27 22:06:36.450031,326.94,15368.69,91,51.14,Zone D,None
2025-05-27 23:06:36.450031,297.57,8036.71,62,43.1,Zone A,Power Outage
2025-05-28 00:06:36.450031,322.43,7882.96,12,48.45,Zone B,Heavy Rain
2025-05-28 01:06:36.450031,282.26,11842.83,75,77.52,Zone A,Festival
2025-05-28 02:06:36.450031,281.09,8492.17,51,43.77,Zone A,Festival
2025-05-28 03:06:36.450031,279.11,12036.71,28,65.31,Zone C,None
2025-05-28 04:06:36.450031,347.11,10930.69,26,58.08,Zone D,None
2025-05-28 05:06:36.450031,281.59,9952.05,42,73.09,Zone A,Power Outage
2025-05-28 06:06:36.450031,277.01,10882.54,85,94.95,Zone A,Heavy Rain
2025-05-28 07:06:36.450031,252.9,10760.4,58,78.61,Zone B,Maintenance
2025-05-28 08:06:36.450031,322.7,9640.79,65,37.2,Zone B,Heavy Rain
2025-05-28 09:06:36.450031,315.59,6487.28,72,22.49,Zone D,Festival
2025-05-28 10:06:36.450031,277.56,10357.3,12,40.98,Zone D,Festival
2025-05-28 11:06:36.450031,264.53,13146.12,58,67.61,Zone C,Power Outage
2025-05-28 12:06:36.450031,393.81,6782.46,64,24.11,Zone D,Maintenance
2025-05-28 13:06:36.450031,205.98,8068.43,35,59.71,Zone B,
2025-05-28 14:06:36.450031,324.66,10853.65,81,67.75,Zone D,Power Outage
2025-05-28 15:06:36.450031,364.57,10077.18,61,46.74,Zone A,Festival
2025-05-28 16:06:36.450031,130.66,10822.36,16,81.67,Zone D,Festival
2025-05-28 17:06:36.450031,339.71,8601.36,55,28.53,Zone D,Heavy Rain
2025-05-28 18:06:36.450031,288.99,12324.92,55,26.01,Zone C,Maintenance
2025-05-28 19:06:36.450031,312.8,10093.8,25,78.26,Zone A,Heavy Rain
2025-05-28 20:06:36.450031,283.84,11393.97,33,59.64,Zone C,Heavy Rain
2025-05-28 21:06:36.450031,353.77,10640.55,70,75.07,Zone B,Power Outage
2025-05-28 22:06:36.450031,318.16,10350.99,63,54.79,Zone D,Heavy Rain
2025-05-28 23:06:36.450031,306.59,11253.67,71,39.71,Zone D,None
2025-05-29 00:06:36.450031,255.06,10372.98,10,85.53,Zone B,None
2025-05-29 01:06:36.450031,394.11,7619.6,58,83.95,Zone C,Heavy Rain
2025-05-29 02:06:36.450031,300.5,12174.71,34,75.58,Zone A,Maintenance
2025-05-29 03:06:36.450031,414.49,11636.25,19,41.77,Zone C,Heavy Rain
2025-05-29 04:06:36.450031,396.38,5786.3,89,67.22,Zone C,Festival
2025-05-29 05:06:36.450031,211.08,8691.6,25,48.88,Zone A,Festival
2025-05-29 06:06:36.450031,267.25,12084.72,67,27.33,Zone D,Maintenance
2025-05-29 07:06:36.450031,248.15,6346.14,81,93.39,Zone C,Power Outage
2025-05-29 08:06:36.450031,297.59,11887.13,38,30.95,Zone B,None
2025-05-29 09:06:36.450031,309.36,9717.55,15,96.02,Zone A,None
2025-05-29 10:06:36.450031,311.5,12680.57,25,55.68,Zone D,Power Outage
